id,first_name,last_name,email,gender,ip_address
1,Tuck,Caser,tcaser0@ebay.com,Male,12.113.44.167
2,Dominica,Minkin,dminkin1@yolasite.com,Female,6.244.145.249
3,Ailina,Cicullo,acicullo2@mit.edu,Female,9.27.112.151
4,Reiko,Tyson,rtyson3@skyrock.com,Polygender,67.130.154.43
5,Michaelina,Liepmann,mliepmann4@github.com,Female,236.169.15.43
6,Juliann,Rumsby,jrumsby5@loc.gov,Female,162.15.65.78
7,Roz,Ciani,rciani6@mtv.com,Female,122.78.19.2
8,Paolina,Scowen,pscowen7@upenn.edu,Female,95.176.100.74
9,Gisele,Strugnell,gstrugnell8@vistaprint.com,Female,128.169.215.94
10,Emilia,Bramich,ebramich9@amazon.co.jp,Female,230.65.188.183
11,Amitie,Petschel,apetschela@biblegateway.com,Female,121.143.89.40
12,Donal,Faro,dfarob@plala.or.jp,Male,149.113.199.187
13,Ange,Myhan,amyhanc@feedburner.com,Male,244.84.169.99
14,Fielding,Muldoon,fmuldoond@wikispaces.com,Genderfluid,9.122.186.219
15,Edouard,McClancy,emcclancye@ning.com,Male,156.120.183.151
16,Blanca,Care,bcaref@dell.com,Female,177.135.4.221
17,Gaspar,Hultberg,ghultbergg@fda.gov,Bigender,189.190.115.123
18,Isidro,Fydo,ifydoh@a8.net,Male,220.66.188.119
19,Lindie,McCooke,lmccookei@feedburner.com,Female,203.76.34.234
20,Agata,Pottie,apottiej@ocn.ne.jp,Female,146.217.141.42
21,Rutger,Kunz,rkunzk@dyndns.org,Agender,143.192.209.178
22,Mortie,Ramalhete,mramalhetel@guardian.co.uk,Male,184.149.11.118
23,Scott,Snelgar,ssnelgarm@goo.gl,Male,79.44.88.49
24,Raquel,Simmings,rsimmingsn@webmd.com,Female,94.58.7.7
25,Neilla,Marnane,nmarnaneo@ft.com,Female,219.61.124.223
26,Lothario,Oboy,loboyp@harvard.edu,Male,151.135.45.1
27,Dwight,Shank,dshankq@cyberchimps.com,Non-binary,245.33.30.71
28,Hanson,Shenton,hshentonr@tripod.com,Male,212.34.125.126
29,Hillie,Nieass,hnieasss@skype.com,Male,159.146.107.241
30,Billy,Vauter,bvautert@feedburner.com,Female,56.113.29.195
31,Edin,Butrimovich,ebutrimovichu@miibeian.gov.cn,Female,192.219.234.231
32,Lauri,Ferie,lferiev@liveinternet.ru,Female,7.242.22.219
33,Eudora,Rebert,erebertw@shinystat.com,Female,237.47.165.171
34,Paige,Bagnal,pbagnalx@angelfire.com,Female,65.125.3.238
35,Aldous,Izakson,aizaksony@shutterfly.com,Male,154.186.120.61
36,Martguerita,Pollok,mpollokz@google.ru,Female,196.159.158.232
37,Chelsea,Griffey,cgriffey10@1und1.de,Female,116.149.63.9
38,Damon,Waldram,dwaldram11@loc.gov,Male,47.125.200.195
39,Merrily,Trewhela,mtrewhela12@pinterest.com,Female,218.244.51.121
40,Frederico,Cramer,fcramer13@artisteer.com,Male,145.155.225.248
41,Petronella,Pieper,ppieper14@yandex.ru,Female,179.131.149.226
42,Dorian,Wilbraham,dwilbraham15@163.com,Female,133.185.19.148
43,Julietta,Hannon,jhannon16@cnet.com,Female,148.213.18.132
44,Nan,Ludgate,nludgate17@sourceforge.net,Agender,155.218.253.75
45,Piotr,Vedeneev,pvedeneev18@accuweather.com,Male,184.212.111.186
46,Tyler,Moens,tmoens19@fema.gov,Male,59.14.78.95
47,Michell,Janak,mjanak1a@cnet.com,Female,214.125.23.152
48,Amata,Buckie,abuckie1b@list-manage.com,Female,111.172.144.114
49,Olag,Tinham,otinham1c@senate.gov,Male,223.89.27.247
50,Corliss,Guyonneau,cguyonneau1d@ocn.ne.jp,Female,144.71.219.132
51,Ugo,Beeckx,ubeeckx1e@tripod.com,Male,234.131.185.92
52,Becki,Newling,bnewling1f@cbsnews.com,Female,28.179.185.82
53,Madelene,Zellick,mzellick1g@ebay.com,Female,185.217.128.160
54,Julienne,Charlson,jcharlson1h@bing.com,Female,141.193.57.133
55,Debora,Tomaselli,dtomaselli1i@hao123.com,Agender,57.199.17.28
56,Clerissa,Driscoll,cdriscoll1j@xrea.com,Female,222.212.98.88
57,Sheree,Rawcliffe,srawcliffe1k@simplemachines.org,Female,41.231.118.28
58,Agna,Lawtey,alawtey1l@mozilla.com,Female,107.64.200.61
59,Farley,Burgen,fburgen1m@tiny.cc,Male,24.196.161.227
60,Merola,Chell,mchell1n@amazon.com,Female,182.80.234.40
61,Corly,Seeney,cseeney1o@php.net,Female,18.177.80.40
62,Alexandre,Matyas,amatyas1p@acquirethisname.com,Male,202.2.240.119
63,Josi,Pankettman,jpankettman1q@hhs.gov,Female,98.254.217.119
64,Wood,Abrahm,wabrahm1r@soup.io,Male,135.91.56.248
65,Thomas,Keneleyside,tkeneleyside1s@sitemeter.com,Non-binary,213.117.20.136
66,Itch,Kleuer,ikleuer1t@behance.net,Male,11.171.46.133
67,Hagan,Crighten,hcrighten1u@omniture.com,Male,175.122.198.248
68,Nerissa,Holbarrow,nholbarrow1v@phoca.cz,Female,137.10.138.174
69,Tildy,Parade,tparade1w@unc.edu,Polygender,80.162.140.135
70,Ester,Chrichton,echrichton1x@cbslocal.com,Female,23.151.27.234
71,Rurik,Molnar,rmolnar1y@istockphoto.com,Male,153.62.144.182
72,Pedro,Giraudot,pgiraudot1z@wordpress.org,Male,181.231.75.21
73,Steward,Brevitt,sbrevitt20@cloudflare.com,Male,219.187.53.149
74,Aleece,Gothrup,agothrup21@shinystat.com,Female,57.186.181.8
75,Gav,Tinto,gtinto22@webeden.co.uk,Male,176.114.127.198
76,Lorant,Whybray,lwhybray23@creativecommons.org,Male,200.122.111.28
77,Marlie,McConnell,mmcconnell24@imageshack.us,Female,25.192.253.14
78,Nomi,Epine,nepine25@nymag.com,Female,204.115.238.125
79,Jenni,Capinetti,jcapinetti26@mysql.com,Female,132.45.147.48
80,Domenic,Mineghelli,dmineghelli27@tuttocitta.it,Male,131.130.77.198
81,Fey,Eminson,feminson28@cocolog-nifty.com,Female,37.138.185.207
82,Germaine,Starking,gstarking29@upenn.edu,Female,54.81.167.114
83,Judie,Wetherill,jwetherill2a@abc.net.au,Female,232.112.140.38
84,Hedvige,Sherwill,hsherwill2b@phpbb.com,Female,185.219.122.111
85,Alfons,Jasiak,ajasiak2c@ovh.net,Male,141.166.22.11
86,Buckie,Pargent,bpargent2d@senate.gov,Male,208.6.98.73
87,Arnuad,Avrasin,aavrasin2e@comsenz.com,Male,240.109.124.184
88,Dedra,Elwyn,delwyn2f@ow.ly,Female,200.102.221.15
89,Harrison,Gritton,hgritton2g@goo.ne.jp,Male,122.1.133.236
90,Marlena,Burdikin,mburdikin2h@sbwire.com,Female,189.152.104.164
91,Andromache,Swanton,aswanton2i@wikimedia.org,Female,140.134.63.24
92,Beauregard,Lasseter,blasseter2j@deliciousdays.com,Male,146.201.15.83
93,Neall,Sachno,nsachno2k@i2i.jp,Male,230.185.139.161
94,Sherwood,Dungate,sdungate2l@washington.edu,Male,172.250.218.20
95,Kingsly,Fonteyne,kfonteyne2m@deviantart.com,Male,17.246.222.186
96,Fara,Mulloch,fmulloch2n@themeforest.net,Female,207.148.168.128
97,Cristabel,Melding,cmelding2o@ftc.gov,Female,19.76.50.195
98,Sophia,Sheber,ssheber2p@printfriendly.com,Female,139.108.32.81
99,Jaimie,Athowe,jathowe2q@mediafire.com,Male,218.25.159.10
100,Massimiliano,Need,mneed2r@netvibes.com,Male,27.154.106.234
101,Herbie,Blofeld,hblofeld2s@google.pl,Male,240.79.44.40
102,Gweneth,Conaghy,gconaghy2t@skyrock.com,Female,240.12.32.49
103,Genevieve,Deering,gdeering2u@timesonline.co.uk,Polygender,223.215.223.5
104,Odessa,Ricard,oricard2v@yandex.ru,Female,144.112.137.97
105,Talbert,Furmedge,tfurmedge2w@vinaora.com,Male,65.224.51.192
106,Dusty,Mountford,dmountford2x@wisc.edu,Female,28.152.124.200
107,Alphonso,Studeart,astudeart2y@cdbaby.com,Male,177.93.72.154
108,Talbot,Stoter,tstoter2z@usa.gov,Male,222.223.189.75
109,Eleanore,Eldershaw,eeldershaw30@gnu.org,Polygender,95.91.228.139
110,Bellanca,Grain,bgrain31@prnewswire.com,Female,124.135.6.162
111,Jyoti,Gero,jgero32@pcworld.com,Female,212.151.145.128
112,Quinton,Signe,qsigne33@usa.gov,Male,34.252.169.248
113,Mariel,Rigts,mrigts34@webmd.com,Female,62.139.17.86
114,Abagail,Bricham,abricham35@scientificamerican.com,Female,124.243.88.231
115,Yalonda,Baalham,ybaalham36@sciencedirect.com,Female,120.131.142.122
116,Jamal,McKim,jmckim37@techcrunch.com,Male,208.207.142.237
117,Tiffi,Panichelli,tpanichelli38@shareasale.com,Female,196.4.13.145
118,Thoma,Darwent,tdarwent39@feedburner.com,Male,128.11.220.177
119,Joel,Janous,jjanous3a@gravatar.com,Male,206.66.48.234
120,Martelle,Beeden,mbeeden3b@etsy.com,Female,21.215.251.244
121,Emlynn,Picken,epicken3c@squarespace.com,Female,10.191.249.34
122,Torr,Whardley,twhardley3d@noaa.gov,Male,44.221.114.120
123,Scot,Flux,sflux3e@reference.com,Male,115.114.7.83
124,Lory,Davidman,ldavidman3f@hubpages.com,Female,12.223.93.138
125,Wendall,Strelitzer,wstrelitzer3g@hhs.gov,Male,67.96.192.55
126,Herrick,Chicotti,hchicotti3h@lulu.com,Male,255.68.141.53
127,Yurik,Milmo,ymilmo3i@slideshare.net,Polygender,33.240.230.46
128,Melvyn,Tapson,mtapson3j@comsenz.com,Male,127.224.224.163
129,Patricio,Benyon,pbenyon3k@mediafire.com,Male,187.192.143.92
130,Ladonna,Slader,lslader3l@infoseek.co.jp,Female,80.188.221.157
131,Raimund,Smurthwaite,rsmurthwaite3m@samsung.com,Male,219.38.174.47
132,Marnia,Biskupek,mbiskupek3n@reference.com,Female,5.190.142.209
133,Fidelio,Jeppe,fjeppe3o@springer.com,Male,170.251.142.110
134,Delora,Parsall,dparsall3p@mapquest.com,Female,30.69.31.150
135,Moll,Skynner,mskynner3q@mapquest.com,Female,144.90.233.232
136,Hanan,Beecheno,hbeecheno3r@diigo.com,Male,180.196.188.9
137,Pavla,Wreight,pwreight3s@shutterfly.com,Female,29.181.207.31
138,Melvin,Patrono,mpatrono3t@dedecms.com,Male,96.137.11.247
139,Sarge,Waldron,swaldron3u@123-reg.co.uk,Male,153.152.92.193
140,Augusto,Leeburn,aleeburn3v@narod.ru,Non-binary,33.44.246.128
141,Clywd,Slafford,cslafford3w@mtv.com,Male,113.121.187.42
142,Lem,Myall,lmyall3x@economist.com,Male,76.218.27.17
143,Florri,Nutbean,fnutbean3y@engadget.com,Female,125.151.248.18
144,Fionnula,Tremouille,ftremouille3z@yale.edu,Female,83.75.181.61
145,Leigh,Hawick,lhawick40@shinystat.com,Male,118.132.12.51
146,Fedora,Servis,fservis41@myspace.com,Female,96.253.179.133
147,Josie,Hubberstey,jhubberstey42@altervista.org,Bigender,12.82.57.9
148,Shena,Neubigging,sneubigging43@reverbnation.com,Female,156.51.199.169
149,Nicky,Cowmeadow,ncowmeadow44@nytimes.com,Male,28.0.242.99
150,Aigneis,Chesnay,achesnay45@last.fm,Female,24.211.190.47
151,Zed,Springell,zspringell46@barnesandnoble.com,Male,158.149.194.15
152,Melodie,Whereat,mwhereat47@harvard.edu,Female,117.231.253.40
153,Letty,Skipworth,lskipworth48@youtu.be,Agender,29.72.12.145
154,Baillie,Kellett,bkellett49@toplist.cz,Male,27.24.252.167
155,Netty,Couldwell,ncouldwell4a@opera.com,Female,47.45.158.252
156,Silvia,Cubley,scubley4b@1und1.de,Female,0.213.11.86
157,Antonia,Duckering,aduckering4c@topsy.com,Female,255.173.92.125
158,Laurent,Jewitt,ljewitt4d@ox.ac.uk,Male,111.72.118.204
159,Carlynne,Setterthwait,csetterthwait4e@tripadvisor.com,Female,177.178.223.58
160,Birk,Parkman,bparkman4f@mlb.com,Male,12.162.115.78
161,Patsy,Beament,pbeament4g@4shared.com,Male,18.114.138.148
162,Karney,Baff,kbaff4h@ted.com,Male,179.249.115.81
163,Carver,Medina,cmedina4i@php.net,Male,215.88.195.6
164,Casey,Edscer,cedscer4j@google.com.br,Male,116.238.127.121
165,Ortensia,Kislingbury,okislingbury4k@merriam-webster.com,Female,49.203.139.132
166,Geno,Wasmuth,gwasmuth4l@blinklist.com,Male,145.95.129.116
167,Rodolfo,MacParland,rmacparland4m@eepurl.com,Genderqueer,234.159.84.124
168,Saundra,Medforth,smedforth4n@answers.com,Genderqueer,92.130.168.157
169,Ofella,Mapplebeck,omapplebeck4o@nba.com,Female,67.205.97.88
170,Nessy,Brimm,nbrimm4p@blinklist.com,Female,80.239.196.217
171,Teodoro,Edgeworth,tedgeworth4q@clickbank.net,Male,197.86.107.100
172,Cherise,Haycraft,chaycraft4r@wikispaces.com,Female,131.218.203.107
173,Andie,Kobel,akobel4s@hhs.gov,Female,46.86.98.221
174,Obed,Chastelain,ochastelain4t@xinhuanet.com,Male,79.243.205.219
175,Melesa,Stredder,mstredder4u@nhs.uk,Female,171.34.193.226
176,Jermaine,Wippermann,jwippermann4v@vk.com,Male,83.32.33.37
177,Joshua,Eathorne,jeathorne4w@buzzfeed.com,Male,157.239.38.13
178,Sayre,La Batie,slabatie4x@google.ru,Male,64.53.93.9
179,Dareen,Stove,dstove4y@histats.com,Polygender,231.177.33.80
180,Helaina,Brehat,hbrehat4z@sbwire.com,Female,108.232.139.58
181,Glyn,Simounet,gsimounet50@jugem.jp,Female,127.237.202.50
182,Donn,McTerrelly,dmcterrelly51@de.vu,Male,53.143.66.60
183,Calvin,Geillier,cgeillier52@ucla.edu,Male,115.40.81.109
184,Myron,Billsberry,mbillsberry53@netscape.com,Male,141.187.134.241
185,Delila,Perrin,dperrin54@ted.com,Female,103.213.162.118
186,Fee,Indge,findge55@paypal.com,Male,91.145.120.129
187,Carri,Caldicot,ccaldicot56@apache.org,Female,6.228.205.2
188,Andeee,Stroton,astroton57@ask.com,Female,198.120.67.10
189,Obidiah,Colquyte,ocolquyte58@storify.com,Male,211.153.37.62
190,Cory,Pauncefoot,cpauncefoot59@ask.com,Male,113.88.225.151
191,Frieda,Crix,fcrix5a@xing.com,Female,120.161.142.83
192,Otho,Upcott,oupcott5b@free.fr,Male,111.23.242.150
193,Elisa,Tonge,etonge5c@trellian.com,Female,86.184.18.197
194,Sutton,De Hailes,sdehailes5d@skype.com,Male,193.210.56.92
195,Cyndi,McCaffery,cmccaffery5e@opensource.org,Female,10.141.65.205
196,Bertrando,Swaton,bswaton5f@newyorker.com,Male,221.100.237.250
197,Tobi,Bill,tbill5g@scribd.com,Female,22.30.19.160
198,Dominic,Colliver,dcolliver5h@taobao.com,Male,102.250.93.101
199,Hannis,Screwton,hscrewton5i@yahoo.com,Female,182.182.97.134
200,Dorolice,Ramsey,dramsey5j@si.edu,Genderqueer,252.72.10.8
